{"cameraMode":{"drawMode":0,"name":"Shaded","section":"Shading Mode"},"sceneLighting":true,"audioPlay":false,"sceneViewState":{"showFog":true,"showMaterialUpdate":false,"showSkybox":true,"showFlares":true,"showImageEffects":true,"showParticleSystems":true,"showVisualEffectGraphs":true,"m_FxEnabled":true},"in2DMode":false,"pivot":{"x":39.03097915649414,"y":2.0962753295898439,"z":-6.968456268310547},"rotation":{"x":-0.02248181775212288,"y":0.03898027911782265,"z":0.0008750373963266611,"w":0.9989984035491943},"size":30.090559005737306,"orthographic":true}