{"cameraMode":{"drawMode":0,"name":"Shaded","section":"Shading Mode"},"sceneLighting":true,"audioPlay":false,"sceneViewState":{"showFog":true,"showMaterialUpdate":false,"showSkybox":true,"showFlares":true,"showImageEffects":true,"showParticleSystems":true,"showVisualEffectGraphs":true,"m_FxEnabled":true},"in2DMode":false,"pivot":{"x":-0.18643991649150849,"y":3.6052024364471437,"z":-0.11227703094482422},"rotation":{"x":-0.00330955907702446,"y":0.006596792489290237,"z":-0.000021876032405998558,"w":-0.9999712705612183},"size":5.226247310638428,"orthographic":false}