{"cameraMode":{"drawMode":0,"name":"Shaded","section":"Shading Mode"},"sceneLighting":true,"audioPlay":false,"sceneViewState":{"showFog":true,"showMaterialUpdate":false,"showSkybox":true,"showFlares":true,"showImageEffects":true,"showParticleSystems":true,"showVisualEffectGraphs":true,"m_FxEnabled":true},"in2DMode":false,"pivot":{"x":-1.0695579051971436,"y":4.847628593444824,"z":-0.2326066493988037},"rotation":{"x":-0.00330955907702446,"y":0.006596792489290237,"z":-0.000021876032405998558,"w":-0.9999712705612183},"size":5.912655830383301,"orthographic":false}