{"cameraMode":{"drawMode":0,"name":"Shaded","section":"Shading Mode"},"sceneLighting":true,"audioPlay":false,"sceneViewState":{"showFog":true,"showMaterialUpdate":false,"showSkybox":true,"showFlares":true,"showImageEffects":true,"showParticleSystems":true,"showVisualEffectGraphs":true,"m_FxEnabled":true},"in2DMode":false,"pivot":{"x":28.697589874267579,"y":12.680971145629883,"z":6.677273750305176},"rotation":{"x":-0.08418221771717072,"y":-0.02599039301276207,"z":0.0022010421380400659,"w":-0.9961221218109131},"size":19.95376205444336,"orthographic":false}