{"cameraMode":{"drawMode":0,"name":"Shaded","section":"Shading Mode"},"sceneLighting":true,"audioPlay":false,"sceneViewState":{"showFog":true,"showMaterialUpdate":false,"showSkybox":true,"showFlares":true,"showImageEffects":true,"showParticleSystems":true,"showVisualEffectGraphs":true,"m_FxEnabled":true},"in2DMode":false,"pivot":{"x":-1.1075750589370728,"y":1.9132936000823975,"z":0.01180887222290039},"rotation":{"x":-0.00330955907702446,"y":0.006596792489290237,"z":-0.000021876032405998558,"w":-0.9999712705612183},"size":2.666025161743164,"orthographic":false}