{"cameraMode":{"drawMode":0,"name":"Shaded","section":"Shading Mode"},"sceneLighting":false,"audioPlay":false,"sceneViewState":{"showFog":true,"showMaterialUpdate":false,"showSkybox":false,"showFlares":true,"showImageEffects":true,"showParticleSystems":true,"showVisualEffectGraphs":true,"m_FxEnabled":true},"in2DMode":false,"pivot":{"x":18.78102684020996,"y":3.772939682006836,"z":0.003065824508666992},"rotation":{"x":-0.005999486427754164,"y":-0.017702309414744378,"z":-0.00010566831042524427,"w":0.9998266100883484},"size":5.860180377960205,"orthographic":false}